{
  "side_length": 0.014507775995021215,
  "length_span_cell": 2794.301283916604,
  "second_per_slot": 186.28675226110693,
  "x_range": [
    116.15,
    116.64
  ],
  "y_range": [
    39.72,
    40.133471615858106
  ],
  "x_limit": 20,
  "y_limit": 20,
  "uav_speed": 15,
  "min_second": 221444,
  "max_second": 754759,
  "slot_number": 2862
}