{"side_length": 0.024309485018510043, "length_span_cell": 4682.1804542533355, "second_per_slot": 234.10902271266679, "x_range": [116.185, 116.585], "y_range": [39.75, 40.07817804774989], "x_limit": 10, "y_limit": 10, "min_second": 221444, "max_second": 754759, "slot_number": 2278}