{
  "side_length": 0.029779119147675125,
  "length_span_cell": 5735.671056460398,
  "second_per_slot": 382.3780704306932,
  "x_range": [
    116.15,
    116.64
  ],
  "y_range": [
    39.72,
    40.12201810849361
  ],
  "x_limit": 10,
  "y_limit": 10,
  "uav_speed": 15,
  "sensor_number": 20000,
  "min_second": 221444,
  "max_second": 754759,
  "slot_number": 1394
}